{
  "bot_states": [
    {
      "ID": 0,
      "direction": 3.6797300273936604,
      "state": {},
      "x_position": -0.57696683023825934,
      "y_position": -131.73453376391859
    },
    {
      "ID": 1,
      "direction": 58.679730027393333,
      "state": {},
      "x_position": 133.91357977086926,
      "y_position": 2.134354356216301
    },
    {
      "ID": 2,
      "direction": 109.95,
      "state": {},
      "x_position": 0.0,
      "y_position": 130.0
    },
    {
      "ID": 3,
      "direction": -55.0,
      "state": {},
      "x_position": -130.0,
      "y_position": 0.0
    }
  ],
  "ticks": 2157
}