{
  "bot_states": [
    {
      "ID": 0,
      "direction": 3.6797300273936604,
      "state": {},
      "x_position": 2.2204266350475681,
      "y_position": -133.86539528366009
    },
    {
      "ID": 1,
      "direction": 55.0,
      "state": {},
      "x_position": 130.0,
      "y_position": 0.0
    },
    {
      "ID": 2,
      "direction": 113.62973002739334,
      "state": {},
      "x_position": 0.56699615889071286,
      "y_position": 131.73781859154158
    },
    {
      "ID": 3,
      "direction": -55.0,
      "state": {},
      "x_position": -130.0,
      "y_position": 0.0
    }
  ],
  "ticks": 2318
}