{
  "bot_states": [
    {
      "ID": 0,
      "direction": 3.6797300273936604,
      "state": {},
      "x_position": -58.237345635153147,
      "y_position": -228.33417524579602
    },
    {
      "ID": 1,
      "direction": 58.679730027393333,
      "state": {},
      "x_position": 229.21373393919498,
      "y_position": -57.649344373845594
    },
    {
      "ID": 2,
      "direction": 113.61373120118728,
      "state": {},
      "x_position": 53.403706366534486,
      "y_position": 231.42732711294647
    },
    {
      "ID": 3,
      "direction": -51.320269972606667,
      "state": {},
      "x_position": -232.06069790096316,
      "y_position": 56.856439032631449
    }
  ],
  "ticks": 4231
}