{
  "bot_states": [
    {
      "ID": 0,
      "direction": -24.766182966979425,
      "state": {},
      "x_position": 35.622738074170968,
      "y_position": -128.22638310583648
    },
    {
      "ID": 1,
      "direction": 30.217818206816204,
      "state": {},
      "x_position": 128.22114287049277,
      "y_position": 35.478146789410033
    },
    {
      "ID": 2,
      "direction": 113.62973002739334,
      "state": {},
      "x_position": 90.453978746847184,
      "y_position": 284.31153271944703
    },
    {
      "ID": 3,
      "direction": -79.766182966977738,
      "state": {},
      "x_position": -127.83215303587302,
      "y_position": -31.921746868695724
    }
  ],
  "ticks": 6458
}